"","doi","eligiblity","study_design","functional_outcome","functional_outcome_1","functional_outcome_2","functional_outcome_3","effect_estimate","roc_present","covariate_intent","figure_other","figure_other_outcome_1","figure_other_outcome_2","spbg_present","figure_identification_1","figure_outcome_1","stratified_1","unadjusted_1","adjusted_1","adjustment_method_1","additional_spbg_1","figure_identification_2","figure_outcome_2","stratified_2","unadjusted_2","adjusted_2","adjustment_method_2","additional_spbg_2","figure_identification_3","figure_outcome_3","stratified_3","unadjusted_3","adjusted_3","adjustment_method_3","additional_spbg_3","figure_identification_4","figure_outcome_4","stratified_4","unadjusted_4","adjusted_4","adjustment_method_4","additional_spbg_4","figure_identification_5","figure_outcome_5","stratified_5","unadjusted_5","adjusted_5","adjustment_method_5","additional_spbg_5","contains_adj_spbg","spbg_count","spbg_outcome","SPBG_outcome","analysis_sample","any_figure_contains","which_neuropathology","neuropathology"
"1","10.1161/STROKEAHA.121.034670","Yes","cohort","mRS;","mRS","",NA,"Odds ratio",0,"Yes","No",NA,NA,"Yes","Figure 2","mRS","No","No","Yes","Regression;","No","","","","","","","","","","","","","","","","","","","","","","","","","","","",NA,1,1,"mRS","mRS","primary","Adjusted SPBG","neurological_condition_1","Stroke"
"2","10.1001/jamaneurol.2021.3723","Yes","nested cohort","Bayley Scales of Infant Development III; Gross Motor Function Classification System (GMFCS);","Bayley III","GMFCS","","Risk ratio",0,"Yes","No",NA,NA,"No","","","","","","","","","","","","","","","","","","","","","","","","","","","","","","","","","","",NA,99,0,"",NA,"primary","Neither","neurological_condition_1","Neonatal hypoxic ischemic encephalopathy"
"3","10.1002/ana.25994","Yes","cohort","UPDRS (composite);UPDRS-III;","UPDRS (composite)","UPDRS-III","","Beta coefficient(s) only",0,"No","No",NA,NA,"No","","","","","","","","","","","","","","","","","","","","","","","","","","","","","","","","","","",NA,99,0,"",NA,"sensitivity","Neither","neurological_condition_1","Parkinson's disease"
"4","10.1161/STROKEAHA.120.032924","Yes","cohort","mRS;","mRS","",NA,"Odds ratio;",1,"Yes","No",NA,NA,"No","","","","","","","","","","","","","","","","","","","","","","","","","","","","","","","","","","",NA,99,0,"",NA,"sensitivity","Neither","neurological_condition_1","Stroke"
"5","10.1161/STROKEAHA.120.032253","Yes","cohort","mRS;","mRS","",NA,"Comparison of values between exposure status with p-value",0,"No","No",NA,NA,"No","","","","","","","","","","","","","","","","","","","","","","","","","","","","","","","","","","",NA,99,0,"",NA,"sensitivity","Neither","neurological_condition_1","Stroke"
"6","10.1161/STROKEAHA.121.034534","Yes","cohort","mRS","mRS",NA,NA,"Mean difference",0,"Yes","No",NA,NA,"No","","","","","","","","","","","","","","","","","","","","","","","","","","","","","","","","","","",NA,99,0,"",NA,"primary","Neither","neurological_condition_1","Stroke"
"7","10.1161/STROKEAHA.120.031869","Yes","cohort","mRS","mRS",NA,NA,"Odds ratio",0,"Yes","Yes","mRS",NA,"Yes","Figure 2","mRS","No","Yes","No",NA,"No","","","","","","","","","","","","","","","","","","","","","","","","","","","",NA,0,1,"mRS","mRS","primary","Unadjusted SPBG","neurological_condition_1","Stroke"
"8","10.1161/STROKEAHA.120.032025","Yes","cohort","NIHSS;","NIHSS","",NA,"Beta coefficient(s) only",0,"Yes","Yes","NIHSS",NA,"No","","","","","","","","","","","","","","","","","","","","","","","","","","","","","","","","","","",NA,99,0,"",NA,"sensitivity","Other figure only","neurological_condition_1","Stroke"
"9","10.1161/STROKEAHA.120.030122","Yes","cohort","mRS","mRS",NA,NA,"Odds ratio",0,"Yes","No",NA,NA,"No","","","","","","","","","","","","","","","","","","","","","","","","","","","","","","","","","","",NA,99,0,"",NA,"primary","Neither","neurological_condition_1","Stroke"
"10","10.1161/STROKEAHA.121.034572","Yes","cohort","mRS;","mRS","",NA,"Odds ratio; risk ratio; mean difference",0,"Yes","Yes","mRS",NA,"Yes","Figure 2B top","mRS","No","Yes","No",NA,"Yes","Figure 2B bottom","mRS","No","No","Yes","IPTW;","No","","","","","","","","","","","","","","","","","","","","",NA,1,2,"mRS","mRS","primary","Adjusted SPBG","neurological_condition_1","Stroke"
"11","10.1001/jamaneurol.2020.2453","Yes","cohort","EDSS;MSSS;","EDSS","MSSS","","Hazard ratio",0,"Yes","Yes","EDSS"," MSSS","No","","","","","","","","","","","","","","","","","","","","","","","","","","","","","","","","","","",NA,99,0,"",NA,"primary","Other figure only","neurological_condition_1","Multiple sclerosis"
"12","10.1161/STROKEAHA.119.027895","Yes","cohort","NIHSS;mRS","NIHSS","mRS",NA,"Odds ratio",0,"Yes","No",NA,NA,"No","","","","","","","","","","","","","","","","","","","","","","","","","","","","","","","","","","",NA,99,0,"",NA,"primary","Neither","neurological_condition_1","Stroke"
"13","10.1161/STROKEAHA.119.027958","Yes","cohort","mRS;NIHSS;","mRS","NIHSS","","Odds ratio;",0,"Yes","No",NA,NA,"Yes","Figure D","mRS","No","Yes","No","NA;","No","","","","","","","","","","","","","","","","","","","","","","","","","","","",NA,0,1,"mRS","mRS","primary","Unadjusted SPBG","neurological_condition_1","Stroke"
"14","10.1161/STROKEAHA.120.032464","Yes","cohort","mRS;","mRS","",NA,"Odds ratio;",0,"Yes","No",NA,NA,"No","","","","","","","","","","","","","","","","","","","","","","","","","","","","","","","","","","",NA,99,0,"",NA,"primary","Neither","neurological_condition_1","Stroke"
"15","10.1161/STROKEAHA.119.028511","Yes","cohort","mRS;","mRS","",NA,"Odds ratio;",0,"Yes","No",NA,NA,"No","","","","","","","","","","","","","","","","","","","","","","","","","","","","","","","","","","",NA,99,0,"",NA,"primary","Neither","neurological_condition_1","Stroke"
"16","10.1212/WNL.0000000000012558","Yes","cohort","PedNIHSS; PSOM;","PedNIHSS","PSOM","","Odds ratio;",0,"Yes","Yes","PedNIHSS"," PSOM","No","","","","","","","","","","","","","","","","","","","","","","","","","","","","","","","","","","",NA,99,0,"",NA,"primary","Other figure only","neurological_condition_1","Stroke"
"17","10.1161/STROKEAHA.119.027451","Yes","cohort","mRS;","mRS","",NA,"Odds ratio;",0,"Yes","No",NA,NA,"No","","","","","","","","","","","","","","","","","","","","","","","","","","","","","","","","","","",NA,99,0,"",NA,"primary","Neither","neurological_condition_1","Stroke"
"18","10.1161/STROKEAHA.121.034786","Yes","cohort","mRS;NIHSS;","mRS","NIHSS","","Odds ratio;",0,"Yes","No",NA,NA,"Yes","Figure 2","mRS","No","Yes","No","NA;","No","","","","","","","","","","","","","","","","","","","","","","","","","","","",NA,0,1,"mRS","mRS","primary","Unadjusted SPBG","neurological_condition_1","Stroke"
"19","10.1016/S1474-4422(20)30067-3","Yes","cohort","EDSS;","EDSS","",NA,"Mean difference;Hazard ratio;",0,"Yes","Yes","EDSS",NA,"No","","","","","","","","","","","","","","","","","","","","","","","","","","","","","","","","","","",NA,99,0,"",NA,"primary","Other figure only","neurological_condition_1","Multiple sclerosis"
"20","10.1161/STROKEAHA.119.028246","Yes","cohort","mRS;NIHSS;","mRS","NIHSS","","Odds ratio;",0,"Yes","Yes","mRS",NA,"No","","","","","","","","","","","","","","","","","","","","","","","","","","","","","","","","","","",NA,99,0,"",NA,"primary","Other figure only","neurological_condition_1","Stroke"
"21","10.1016/j.brs.2020.09.019","Yes","cohort","UPDRS-III;","UPDRS-III","",NA,"Number needed to treat;",0,"Yes","No",NA,NA,"No","","","","","","","","","","","","","","","","","","","","","","","","","","","","","","","","","","",NA,99,0,"",NA,"primary","Neither","neurological_condition_1","Parkinson's disease"
"22","10.1212/WNL.0000000000011598","Yes","cohort","mRS;NIHSS;","mRS","NIHSS","","Odds ratio;",0,"Yes","Yes","mRS",NA,"Yes","Figure 4 (top)","mRS","Yes","No","Yes","Stratified (select this if you previously indicated that the graph is stratified);Regression;","Yes","Figure 4 (bottom)","mRS","Yes","No","Yes","Stratified (select this if you previously indicated that the graph is stratified);Regression;","No","","","","","","","","","","","","","","","","","","","","",NA,1,2,"mRS","mRS","primary","Adjusted SPBG","neurological_condition_1","Stroke"
"23","10.1161/STROKEAHA.119.028562","Yes","cohort","mRS;NIHSS;","mRS","NIHSS","","Odds ratio;",0,"No","No",NA,NA,"No","","","","","","","","","","","","","","","","","","","","","","","","","","","","","","","","","","",NA,99,0,"",NA,"sensitivity","Neither","neurological_condition_1","Stroke"
"24","10.1212/WNL.0000000000011242","Yes","cohort","EDSS;","EDSS","",NA,"Hazard ratio;",0,"Yes","Yes","EDSS",NA,"No","","","","","","","","","","","","","","","","","","","","","","","","","","","","","","","","","","",NA,99,0,"",NA,"primary","Other figure only","neurological_condition_1","Multiple sclerosis"
"25","10.1002/mds.27976","Yes","cohort","Total motor scale (TMS); total functional capacity (TFC);","TMS","TFC","","Mean difference;",0,"Yes","Yes","UHDRS TFC",NA,"No","","","","","","","","","","","","","","","","","","","","","","","","","","","","","","","","","","",NA,99,0,"",NA,"primary","Other figure only","neurological_condition_1","Huntington’s disease"
"26","10.1161/STROKEAHA.119.028160","Yes","cohort","mRS;","mRS","",NA,"Odds ratio;",0,"Yes","No",NA,NA,"Yes","Figure 1","mRS","No","Yes","No","NA;","Yes","Figure 2","mRS","No","Yes","No","NA;","No","","","","","","","","","","","","","","","","","","","","",NA,0,2,"mRS","mRS","primary","Unadjusted SPBG","neurological_condition_1","Stroke"
"27","10.1161/STROKEAHA.120.032430","Yes","cohort","mRS;NIHSS;","mRS","NIHSS","","Odds ratio;",0,"Yes","Yes","mRS",NA,"Yes","Figure 2A","mRS","No","Yes","No","NA;","No","","","","","","","","","","","","","","","","","","","","","","","","","","","",NA,0,1,"mRS","mRS","primary","Unadjusted SPBG","neurological_condition_1","Stroke"
"28","10.1136/svn-2021-000949","Yes","cohort","mRS;","mRS","",NA,"Odds ratio;",0,"Yes","No",NA,NA,"Yes","Figure 2A","mRS","No","Yes","No","NA;","Yes","Figure 2B","mRS","No","Yes","No","NA;","Yes","Figure 2C","mRS","No","Yes","No","NA;","No","","","","","","","","","","","","","",NA,0,3,"mRS","mRS","primary","Unadjusted SPBG","neurological_condition_1","Stroke"
"29","10.1002/ana.25718","Yes","cohort","Pediatric Stroke Outcome Measure (PSOM);","PSOM","",NA,"Odds ratio;",0,"Yes","Yes","PSOM",NA,"Yes","Figure 2B","PSOM","Yes","Yes","No","Stratified (select this if you previously indicated that the graph is stratified);","Yes","Figure 2C","PSOM","No","Yes","No","NA;","Yes","Figure 3b","PSOM","No","Yes","No","NA;","Yes","Figure 3c","PSOM","No","Yes","No","NA;","Yes","Figure 4","PSOM","No","Yes","No","NA;",NA,0,5,"PSOM","PSOM","primary","Unadjusted SPBG","neurological_condition_1","Stroke"
"30","10.1161/STROKEAHA.120.030930","Yes","cohort","mRS;","mRS","",NA,"Odds ratio;",0,"Yes","Yes","mRS",NA,"Yes","Figure 2","mRS","No","Yes","No","NA;","No","","","","","","","","","","","","","","","","","","","","","","","","","","","",NA,0,1,"mRS","mRS","primary","Unadjusted SPBG","neurological_condition_1","Stroke"
"31","10.1161/STROKEAHA.119.025554","Yes","cohort","NIHSS;","NIHSS","",NA,"Hazard ratio;",0,"Yes","Yes","NIHSS",NA,"No","","","","","","","","","","","","","","","","","","","","","","","","","","","","","","","","","","",NA,99,0,"",NA,"primary","Other figure only","neurological_condition_1","Stroke"
"32","10.1136/svn-2020-000684","Yes","cohort","mRS","mRS",NA,NA,"Odds ratio;",0,"Yes","Yes","mRS",NA,"No","","","","","","","","","","","","","","","","","","","","","","","","","","","","","","","","","","",NA,99,0,"",NA,"primary","Other figure only","neurological_condition_1","Stroke"
"33","10.1161/STROKEAHA.119.028787","Yes","cohort","mRS;","mRS","",NA,"Odds ratio;",0,"Yes","No",NA,NA,"Yes","Figure 1A","mRS","No","Yes","No","NA;","Yes","Figure 1B","mRS","No","Yes","No","NA;","No","","","","","","","","","","","","","","","","","","","","",NA,0,2,"mRS","mRS","primary","Unadjusted SPBG","neurological_condition_1","Stroke"
"34","10.1212/WNL.0000000000009532","Yes","cohort","mRS;","mRS","",NA,"Odds ratio;",0,"Yes","Yes","mRS",NA,"Yes","Figure 4B","mRS","No","Yes","No","NA;","No","","","","","","","","","","","","","","","","","","","","","","","","","","","",NA,0,1,"mRS","mRS","primary","Unadjusted SPBG","neurological_condition_1","Stroke"
"35","10.1212/WNL.0000000000009532","Yes","cohort","mRS;","mRS","",NA,"Odds ratio;",0,"Yes","Yes","mRS",NA,"Yes","Figure 4B","mRS","No","Yes","No","NA;","No","","","","","","","","","","","","","","","","","","","","","","","","","","","",NA,0,1,"mRS","mRS","primary","Unadjusted SPBG","neurological_condition_2","acute myocardial infarction (AMI)"
"36","10.1212/WNL.0000000000010577","Yes","cohort","mRS;","mRS","",NA,"Odds ratio;",0,"Yes","No",NA,NA,"Yes","Figure 3","mRS","No","Yes","No","NA;","No","","","","","","","","","","","","","","","","","","","","","","","","","","","",NA,0,1,"mRS","mRS","primary","Unadjusted SPBG","neurological_condition_1","Stroke"
"37","10.1161/STROKEAHA.120.032888","Yes","cohort","mRS;","mRS","",NA,"Odds ratio;",0,"Yes","Yes","mRS",NA,"No","","","","","","","","","","","","","","","","","","","","","","","","","","","","","","","","","","",NA,99,0,"",NA,"primary","Other figure only","neurological_condition_1","Stroke"
"38","10.1212/WNL.0000000000010498","Yes","cohort","UPDRS; UPDRS-III","UPDRS (composite)","UPDRS-III",NA,"Beta coefficient(s) only;",0,"Yes","Yes","UPDRS"," UPDRS-III","No","","","","","","","","","","","","","","","","","","","","","","","","","","","","","","","","","","",NA,99,0,"",NA,"primary","Other figure only","neurological_condition_1","Parkinson's disease"
"39","10.1212/NXI.0000000000000974","Yes","cohort","mRS;","mRS","",NA,"Odds ratio;",0,"Yes","No",NA,NA,"Yes","Figure 2","mRS","Yes","Yes","No","Stratified (select this if you previously indicated that the graph is stratified);","No","","","","","","","","","","","","","","","","","","","","","","","","","","","",NA,0,1,"mRS","mRS","primary","Unadjusted SPBG","neurological_condition_1","Encephalitis"
"40","10.1136/jnnp-2020-323472","Yes","cohort","EDSS;","EDSS","",NA,"Hazard ratio;",0,"Yes","Yes","EDSS",NA,"No","","","","","","","","","","","","","","","","","","","","","","","","","","","","","","","","","","",NA,99,0,"",NA,"primary","Other figure only","neurological_condition_1","Multiple sclerosis"
"41","10.1212/WNL.0000000000010024","Yes","cohort","EDSS;","EDSS","",NA,"Hazard ratio;",0,"Yes","Yes","EDSS",NA,"No","","","","","","","","","","","","","","","","","","","","","","","","","","","","","","","","","","",NA,99,0,"",NA,"primary","Other figure only","neurological_condition_1","Multiple sclerosis"
"42","10.1161/STROKEAHA.119.026596","Yes","cohort","mRS;NIHSS;","mRS","NIHSS","","Odds ratio;",0,"Yes","Yes","mRS",NA,"No","","","","","","","","","","","","","","","","","","","","","","","","","","","","","","","","","","",NA,99,0,"",NA,"primary","Other figure only","neurological_condition_1","Stroke"
"43","10.1161/STROKEAHA.121.034883","Yes","cohort","mRS;","mRS","",NA,"Odds ratio;",0,"Yes","No",NA,NA,"Yes","Figure 1","mRS","","Yes","No","NA;","No","","","","","","","","","","","","","","","","","","","","","","","","","","","",NA,0,1,"mRS","mRS","primary","Unadjusted SPBG","neurological_condition_1","Stroke"
"44","10.1161/STROKEAHA.119.026437","Yes","cohort","mRS;","mRS","",NA,"Odds ratio;",0,"Yes","No",NA,NA,"No","","","","","","","","","","","","","","","","","","","","","","","","","","","","","","","","","","",NA,99,0,"",NA,"primary","Neither","neurological_condition_1","Stroke"
"45","10.1212/WNL.0000000000012106","Yes","cohort","mRS;","mRS","",NA,"Odds ratio;",0,"Yes","No",NA,NA,"No","","","","","","","","","","","","","","","","","","","","","","","","","","","","","","","","","","",NA,99,0,"",NA,"primary","Neither","neurological_condition_1","Stroke"
"46","10.1001/jamaneurol.2019.5061","Yes","cross-sectional","NIHSS;","NIHSS","",NA,"Odds ratio;",0,"Yes","Yes","NIHSS",NA,"No","","","","","","","","","","","","","","","","","","","","","","","","","","","","","","","","","","",NA,99,0,"",NA,"primary","Other figure only","neurological_condition_1","Stroke"
"47","10.1136/jnnp-2019-321697","Yes","cohort","mRS;","mRS","",NA,"Odds ratio;",0,"No","Yes","mRS",NA,"No","","","","","","","","","","","","","","","","","","","","","","","","","","","","","","","","","","",NA,99,0,"",NA,"sensitivity","Other figure only","neurological_condition_1","Stroke"
"48","10.1161/STROKEAHA.120.030084","Yes","case-control","mRS;Barthel Index;","mRS","Barthel Index","","Odds ratio;Comparison of values between exposure status with p-value;",0,"Yes","No",NA,NA,"No","","","","","","","","","","","","","","","","","","","","","","","","","","","","","","","","","","",NA,99,0,"",NA,"primary","Neither","neurological_condition_1","Stroke"
"49","10.1161/STROKEAHA.119.028161","Yes","cohort","mRS;","mRS","",NA,"Odds ratio;",0,"Yes","No",NA,NA,"No","","","","","","","","","","","","","","","","","","","","","","","","","","","","","","","","","","",NA,99,0,"",NA,"primary","Neither","neurological_condition_1","Stroke"
"50","10.1136/svn-2020-000343","Yes","cohort","NIHSS;","NIHSS","",NA,"Odds ratio;",0,"Yes","No",NA,NA,"No","","","","","","","","","","","","","","","","","","","","","","","","","","","","","","","","","","",NA,99,0,"",NA,"primary","Neither","neurological_condition_1","Stroke"
"51","10.1212/WNL.0000000000012484","Yes","cohort","mRS;","mRS","",NA,"Odds ratio;",0,"Yes","No",NA,NA,"Yes","Figure 3","mRS","No","Yes","No","NA;","No","","","","","","","","","","","","","","","","","","","","","","","","","","","",NA,0,1,"mRS","mRS","primary","Unadjusted SPBG","neurological_condition_1","Stroke"
"52","10.1212/WNL.0000000000010105","Yes","cohort","mRS;","mRS","",NA,"Odds ratio;",0,"Yes","No",NA,NA,"Yes","Figure 2B","mRS","No","Yes","No","NA;","No","","","","","","","","","","","","","","","","","","","","","","","","","","","",NA,0,1,"mRS","mRS","primary","Unadjusted SPBG","neurological_condition_1","Stroke"
"53","10.1136/svn-2020-000641","Yes","cohort","mRS;","mRS","",NA,"Odds ratio;",0,"Yes","No",NA,NA,"No","","","","","","","","","","","","","","","","","","","","","","","","","","","","","","","","","","",NA,99,0,"",NA,"primary","Neither","neurological_condition_1","Stroke"
"54","10.1212/WNL.0000000000012945","Yes","cross-sectional","SARA;ICARS;INAS;","SARA","ICARS","INAS","pearson correlation r;",0,"Yes","No","SARA","INAS","No","","","","","","","","","","","","","","","","","","","","","","","","","","","","","","","","","","",NA,99,0,"",NA,"primary","Neither","neurological_condition_1","spinocerebellar ataxia type 2 (SCA2)"
"55","10.1161/STROKEAHA.119.027549","Yes","cohort","mRS;","mRS","",NA,"Odds ratio;",0,"Yes","Yes","mRS",NA,"Yes","Figure 2","mRS","No","Yes","No","NA;","No","","","","","","","","","","","","","","","","","","","","","","","","","","","",NA,0,1,"mRS","mRS","primary","Unadjusted SPBG","neurological_condition_1","Stroke"
"56","10.1002/ana.25716","Yes","cohort","mRS;NIHSS;","mRS","NIHSS","","Odds ratio;",0,"Yes","Yes","mRS","NIHSS","No","","","","","","","","","","","","","","","","","","","","","","","","","","","","","","","","","","",NA,99,0,"",NA,"primary","Other figure only","neurological_condition_1","Stroke"
"57","10.1212/WNL.0000000000013198","Yes","cohort","mRS;","mRS","",NA,"Odds ratio;",0,"Yes","No",NA,NA,"Yes","Figure 3A","mRS","No","Yes","No","NA;","Yes","Figure 3B","mRS","No","Yes","No","NA;","Yes","Figure 3C","mRS","No","Yes","No","NA;","No","","","","","","","","","","","","","",NA,0,3,"mRS","mRS","primary","Unadjusted SPBG","neurological_condition_1","Stroke"
"58","10.1161/STROKEAHA.119.027255","Yes","cohort","mRS;","mRS","",NA,"Odds ratio;",0,"No","No",NA,NA,"No","","","","","","","","","","","","","","","","","","","","","","","","","","","","","","","","","","",NA,99,0,"",NA,"sensitivity","Neither","neurological_condition_1","Stroke"
"59","10.1093/brain/awab033","Yes","cohort","EDSS;","EDSS","",NA,"Beta coefficient(s) only;",0,"Yes","Yes","EDSS",NA,"No","","","","","","","","","","","","","","","","","","","","","","","","","","","","","","","","","","",NA,99,0,"",NA,"primary","Other figure only","neurological_condition_1","Multiple sclerosis"
"60","10.1002/mds.28349","Yes","cohort","UPDRS-III;","UPDRS-III","",NA,"partial correlation r;",0,"Yes","Yes","UPDRS III",NA,"No","","","","","","","","","","","","","","","","","","","","","","","","","","","","","","","","","","",NA,99,0,"",NA,"primary","Other figure only","neurological_condition_1","Parkinson's disease"
"61","10.1212/NXI.0000000000000979","Yes","cohort","EDSS;","EDSS","",NA,"Beta coefficient(s) only;",0,"Yes","No",NA,NA,"No","","","","","","","","","","","","","","","","","","","","","","","","","","","","","","","","","","",NA,99,0,"",NA,"primary","Neither","neurological_condition_1","Multiple sclerosis"
"62","10.1161/STROKEAHA.120.032850","Yes","cohort","RS;","RS","",NA,"Odds ratio;",0,"Yes","Yes","RS",NA,"Yes","Figure 1","RS","No","Yes","No","NA;","No","","","","","","","","","","","","","","","","","","","","","","","","","","","",NA,0,1,"RS","RS","primary","Unadjusted SPBG","neurological_condition_1","Stroke"
"63","10.1161/STROKEAHA.120.030965","Yes","cohort","PSOM;","PSOM","",NA,"Odds ratio;",0,"Yes","Yes","PSOM",NA,"No","","","","","","","","","","","","","","","","","","","","","","","","","","","","","","","","","","",NA,99,0,"",NA,"primary","Other figure only","neurological_condition_1","Stroke"
"64","10.1161/STROKEAHA.120.030138","Yes","cohort","mRS;NIHSS;","mRS","NIHSS","","Odds ratio;",0,"Yes","No",NA,NA,"No","","","","","","","","","","","","","","","","","","","","","","","","","","","","","","","","","","",NA,99,0,"",NA,"primary","Neither","neurological_condition_1","Stroke"
"65","10.1136/svn-2020-000362","Yes","cohort","mRS;","mRS","",NA,"Odds ratio;",1,"Yes","No",NA,NA,"No","","","","","","","","","","","","","","","","","","","","","","","","","","","","","","","","","","",NA,99,0,"",NA,"sensitivity","Neither","neurological_condition_1","Stroke"
"66","10.1161/STROKEAHA.120.029025","Yes","cohort","mRS;mNIHSS;","mRS","mNIHSS","","Odds ratio;",0,"Yes","No",NA,NA,"No","","","","","","","","","","","","","","","","","","","","","","","","","","","","","","","","","","",NA,99,0,"",NA,"primary","Neither","neurological_condition_1","Stroke"
"67","10.1212/WNL.0000000000012918","Yes","cohort","mRS;","mRS","",NA,"Odds ratio;",0,"No","Yes","mRS",NA,"Yes","Figure 2","mRS","Yes","Yes","No","Stratified (select this if you previously indicated that the graph is stratified);","No","","","","","","","","","","","","","","","","","","","","","","","","","","","",NA,0,1,"mRS","mRS","sensitivity","Unadjusted SPBG","neurological_condition_1","Stroke"
"68","10.1001/jamaneurol.2021.0001","Yes","case-control","mRS;NIHSS;","mRS","NIHSS","","Comparison of values between exposure status with p-value; Mean difference;",0,"Yes","Yes","NIHSS",NA,"Yes","Figure 3","mRS","No","No","Yes","PS Matching;","No","","","","","","","","","","","","","","","","","","","","","","","","","","","",NA,1,1,"mRS","mRS","primary","Adjusted SPBG","neurological_condition_1","Stroke"
"69","10.1161/STROKEAHA.120.031371","Yes","cohort","mRS;NIHSS;","mRS","NIHSS","","Odds ratio;Risk ratio;",0,"Yes","Yes","mRS",NA,"Yes","Figure 1","mRS","Yes","Yes","No","Stratified (select this if you previously indicated that the graph is stratified);","No","","","","","","","","","","","","","","","","","","","","","","","","","","","",NA,0,1,"mRS","mRS","primary","Unadjusted SPBG","neurological_condition_1","Stroke"
"70","10.1161/STROKEAHA.119.027356","Yes","cohort","GOS;","GOS (unextended)","",NA,"Risk ratio; Odds ratio;",0,"Yes","Yes","GOS",NA,"No","","","","","","","","","","","","","","","","","","","","","","","","","","","","","","","","","","",NA,99,0,"",NA,"primary","Other figure only","neurological_condition_1","Stroke"
"71","10.1161/STROKEAHA.120.032966","Yes","cohort","NIHSS;","NIHSS","",NA,"Odds ratio;",0,"Yes","No",NA,NA,"No","","","","","","","","","","","","","","","","","","","","","","","","","","","","","","","","","","",NA,99,0,"",NA,"primary","Neither","neurological_condition_1","Stroke"
"72","10.1161/STROKEAHA.121.034928","Yes","cohort","mRS; NIHSS","mRS","NIHSS",NA,"Odds ratio;",1,"Yes","No",NA,NA,"Yes","Figure 2","mRS","Yes","Yes","No","Stratified","No","","","","","","","","","","","","","","","","","","","","","","","","","","","",NA,0,1,"mRS","mRS","sensitivity","Unadjusted SPBG","neurological_condition_1","Stroke"
"73","10.1136/jnnp-2019-321774","Yes","cohort","mRS;","mRS","",NA,"Odds ratio;",0,"Yes","No",NA,NA,"No","","","","","","","","","","","","","","","","","","","","","","","","","","","","","","","","","","",NA,99,0,"",NA,"primary","Neither","neurological_condition_1","Stroke"
"74","10.1161/STROKEAHA.120.029345","Yes","cohort","mRS;","mRS","",NA,"Odds ratio;",0,"Yes","No",NA,NA,"No","","","","","","","","","","","","","","","","","","","","","","","","","","","","","","","","","","",NA,99,0,"",NA,"primary","Neither","neurological_condition_1","Stroke"
"75","10.1002/mds.28763","Yes","cohort","UPDRS-III;","UPDRS-III","",NA,"Beta coefficient(s) only;",0,"Yes","Yes","UPDRS-III",NA,"No","","","","","","","","","","","","","","","","","","","","","","","","","","","","","","","","","","",NA,99,0,"",NA,"primary","Other figure only","neurological_condition_1","Parkinson's disease"
"76","10.1002/ana.26219","Yes","cohort","mRS;NIHSS;","mRS","NIHSS","","Mean difference; odds ratio;",0,"Yes","Yes","NIHSS"," mRS","No","","","","","","","","","","","","","","","","","","","","","","","","","","","","","","","","","","",NA,99,0,"",NA,"primary","Other figure only","neurological_condition_1","Stroke"
"77","10.1212/WNL.0000000000008874","Yes","cohort","mRS;","mRS","",NA,"Odds ratio;",0,"Yes","No",NA,NA,"No","","","","","","","","","","","","","","","","","","","","","","","","","","","","","","","","","","",NA,99,0,"",NA,"primary","Neither","neurological_condition_1","Stroke"
"78","10.1002/mds.28510","Yes","cross-sectional","UPDRS-III;","UPDRS-III","",NA,"Beta coefficient(s) only;",0,"Yes","Yes","UPDRS",NA,"No","","","","","","","","","","","","","","","","","","","","","","","","","","","","","","","","","","",NA,99,0,"",NA,"primary","Other figure only","neurological_condition_1","Parkinson's disease"
"79","10.1161/STROKEAHA.119.028891","Yes","cohort","mRS;NIHSS;","mRS","NIHSS","","Odds ratio;",0,"Yes","Yes","mRS",NA,"Yes","Figure 2","mRS","No","Yes","No","NA;","No","","","","","","","","","","","","","","","","","","","","","","","","","","","",NA,0,1,"mRS","mRS","primary","Unadjusted SPBG","neurological_condition_1","Stroke"
"80","10.1002/mds.28805","Yes","cohort","UPDRS-III;","UPDRS-III","",NA,"Beta coefficient(s) only;",0,"Yes","Yes","UPDRS",NA,"No","","","","","","","","","","","","","","","","","","","","","","","","","","","","","","","","","","",NA,99,0,"",NA,"primary","Other figure only","neurological_condition_1","Parkinson's disease"
"81","10.1212/WNL.0000000000009951","Yes","cohort","mRS;NIHSS;","mRS","NIHSS","","Comparison of values between exposure status with p-value;Odds ratio;",0,"Yes","Yes","mRS",NA,"Yes","Figure 3 top","mRS","No","Yes","No","NA;","Yes","Figure 3 bottom","mRS","No","No","Yes","PS Matching;","No","","","","","","","","","","","","","","","","","","","","",NA,1,2,"mRS","mRS","primary","Adjusted SPBG","neurological_condition_1","Stroke"
"82","10.1161/STROKEAHA.119.028221","Yes","cohort","PedNIHSS;mRS;","PedNIHSS","mRS","","Beta coefficient(s) only;",0,"Yes","No",NA,NA,"No","","","","","","","","","","","","","","","","","","","","","","","","","","","","","","","","","","",NA,99,0,"",NA,"primary","Neither","neurological_condition_1","Stroke"
"83","10.1136/jnnp-2020-323742","Yes","cohort","mRS;","mRS","",NA,"Odds ratio;",1,"Yes","No",NA,NA,"No","","","","","","","","","","","","","","","","","","","","","","","","","","","","","","","","","","",NA,99,0,"",NA,"sensitivity","Neither","neurological_condition_1","Stroke"
"84","10.1002/ana.26052","Yes","cohort","EDSS;","EDSS","",NA,"Odds ratio;",0,"Yes","Yes","EDSS",NA,"No","","","","","","","","","","","","","","","","","","","","","","","","","","","","","","","","","","",NA,99,0,"",NA,"primary","Other figure only","neurological_condition_1","Multiple sclerosis"
"85","10.1161/STROKEAHA.119.026769","Yes","cohort","mRS;","mRS","",NA,"Odds ratio;",0,"Yes","Yes","mRS","","No","","","","","","","","","","","","","","","","","","","","","","","","","","","","","","","","","","",NA,99,0,"",NA,"primary","Other figure only","neurological_condition_1","Stroke"
"86","10.1161/STROKEAHA.119.028231","Yes","cohort","mRS;NIHSS;","mRS","NIHSS","","Odds ratio;",0,"Yes","Yes","mRS",NA,"No","","","","","","","","","","","","","","","","","","","","","","","","","","","","","","","","","","",NA,99,0,"",NA,"primary","Other figure only","neurological_condition_1","Stroke"
"87","10.1136/svn-2020-000332","Yes","cohort","mRS;NIHSS;","mRS","NIHSS","","Odds ratio;",0,"Yes","No",NA,NA,"No","","","","","","","","","","","","","","","","","","","","","","","","","","","","","","","","","","",NA,99,0,"",NA,"primary","Neither","neurological_condition_1","Stroke"
"88","10.1136/svn-2020-000401","Yes","cohort","mRS;","mRS","",NA,"Odds ratio;",0,"No","No",NA,NA,"No","","","","","","","","","","","","","","","","","","","","","","","","","","","","","","","","","","",NA,99,0,"",NA,"sensitivity","Neither","neurological_condition_1","Stroke"
"89","10.1136/jnnp-2019-322348","Yes","cohort","EDSS;","EDSS","",NA,"Hazard ratio;",0,"Yes","Yes","EDSS",NA,"No","","","","","","","","","","","","","","","","","","","","","","","","","","","","","","","","","","",NA,99,0,"",NA,"primary","Other figure only","neurological_condition_1","Multiple sclerosis"
"90","10.1161/STROKEAHA.120.033537","Yes","cohort","mRS;NIHSS;","mRS","NIHSS","","Odds ratio;",0,"Yes","No",NA,NA,"Yes","Figure","mRS","No","Yes","No","NA;","No","","","","","","","","","","","","","","","","","","","","","","","","","","","",NA,0,1,"mRS","mRS","primary","Unadjusted SPBG","neurological_condition_1","Stroke"
"91","10.1161/STROKEAHA.120.032809","Yes","cohort","mRS;Barthel Index;SIS-16;","mRS","Barthel Index","SIS-16","Odds ratio;",0,"Yes","No",NA,NA,"Yes","Figure 2","PedNIHSS","No","Yes","No","NA;","No","","","","","","","","","","","","","","","","","","","","","","","","","","","",NA,0,1,"PedNIHSS",NA,"primary","Unadjusted SPBG","neurological_condition_1","Stroke"
"92","10.1161/STROKEAHA.121.034243","Yes","cohort","mRS;NIHSS;","mRS","NIHSS","","Odds ratio;",1,"Yes","No",NA,NA,"No","","","","","","","","","","","","","","","","","","","","","","","","","","","","","","","","","","",NA,99,0,"",NA,"sensitivity","Neither","neurological_condition_1","Stroke"
"93","10.1136/svn-2020-000471","Yes","cohort","mRS;","mRS","",NA,"Odds ratio;",0,"Yes","No",NA,NA,"No","","","","","","","","","","","","","","","","","","","","","","","","","","","","","","","","","","",NA,99,0,"",NA,"primary","Neither","neurological_condition_1","Stroke"
"94","10.1161/STROKEAHA.119.026907","Yes","cohort","mRS;NIHSS;","mRS","NIHSS","","Odds ratio;",0,"Yes","Yes","mRS",NA,"No","","","","","","","","","","","","","","","","","","","","","","","","","","","","","","","","","","",NA,99,0,"",NA,"primary","Other figure only","neurological_condition_1","Stroke"
"95","10.1002/mds.28080","Yes","cross-sectional","UPDRS-III;","UPDRS-III","",NA,"Beta coefficient(s) only;",0,"No","Yes","UPDRS-III",NA,"No","","","","","","","","","","","","","","","","","","","","","","","","","","","","","","","","","","",NA,99,0,"",NA,"sensitivity","Other figure only","neurological_condition_1","Parkinson's disease"
"96","10.1001/jamaneurol.2019.3292","Yes","cohort","Lawton–Brody scale; Katz index;","Lawton–Brody scale","Katz index","","Beta coefficient(s) only;",0,"Yes","No",NA,NA,"No","","","","","","","","","","","","","","","","","","","","","","","","","","","","","","","","","","",NA,99,0,"",NA,"primary","Neither","neurological_condition_1","Dementia"
"97","10.1212/WNL.0000000000012449","Yes","cohort","EDSS;","EDSS","",NA,"Odds ratio;",0,"No","Yes","EDSS",NA,"No","","","","","","","","","","","","","","","","","","","","","","","","","","","","","","","","","","",NA,99,0,"",NA,"sensitivity","Other figure only","neurological_condition_1","Multiple sclerosis"
"98","10.1212/NXI.0000000000000878","Yes","cohort","EDSS;","EDSS","",NA,"Hazard ratio;",0,"Yes","No",NA,NA,"No","","","","","","","","","","","","","","","","","","","","","","","","","","","","","","","","","","",NA,99,0,"",NA,"primary","Neither","neurological_condition_1","Multiple sclerosis"
"99","10.1136/svn-2019-000319","Yes","cohort","mRS;NIHSS;","mRS","NIHSS","","Odds ratio;",0,"Yes","No",NA,NA,"No","","","","","","","","","","","","","","","","","","","","","","","","","","","","","","","","","","",NA,99,0,"",NA,"primary","Neither","neurological_condition_1","Stroke"
"100","10.1212/WNL.0000000000012726","Yes","cohort","EDSS;","EDSS","",NA,"Hazard ratio;",0,"Yes","Yes","EDSS",NA,"No","","","","","","","","","","","","","","","","","","","","","","","","","","","","","","","","","","",NA,99,0,"",NA,"primary","Other figure only","neurological_condition_1","Multiple sclerosis"
"101","10.1212/WNL.0000000000012915","Yes","cohort","mRS;NIHSS;","mRS","NIHSS","","Odds ratio;",1,"No","No",NA,NA,"Yes","Figure 2","mRS","No","Yes","No","NA;","No","","","","","","","","","","","","","","","","","","","","","","","","","","","",NA,0,1,"mRS","mRS","sensitivity","Unadjusted SPBG","neurological_condition_1","Stroke"
"102","10.1016/S1474-4422(21)00138-1","Yes","cohort","GOSE;","GOSE","",NA,"Odds ratio;",0,"Yes","No",NA,NA,"No","","","","","","","","","","","","","","","","","","","","","","","","","","","","","","","","","","",NA,99,0,"",NA,"primary","Neither","neurological_condition_1","Stroke"
"103","10.1016/S1474-4422(21)00138-1","Yes","cohort","GOSE;","GOSE","",NA,"Odds ratio;",0,"Yes","No",NA,NA,"No","","","","","","","","","","","","","","","","","","","","","","","","","","","","","","","","","","",NA,99,0,"",NA,"primary","Neither","neurological_condition_2","TBI"
"104","10.1136/jnnp-2020-325815","Yes","cohort","GBS disability score; Rasch- Built  Overall Built Disability Score;","GBS disability scale","R-ODS","","Odds ratio;",0,"Yes","No",NA,NA,"Yes","Figure 2","GDS","Yes","Yes","No","Stratified (select this if you previously indicated that the graph is stratified);","No","","","","","","","","","","","","","","","","","","","","","","","","","","","",NA,0,1,"GBS disability scale",NA,"primary","Unadjusted SPBG","neurological_condition_1","Guillain-Barré"
"105","10.1136/jnnp-2020-325421","Yes","cohort","EDSS;","EDSS","",NA,"Beta coefficient(s) only;",0,"Yes","Yes","EDSS",NA,"No","","","","","","","","","","","","","","","","","","","","","","","","","","","","","","","","","","",NA,99,0,"",NA,"primary","Other figure only","neurological_condition_1","Multiple sclerosis"
"106","10.1212/WNL.0000000000008873","Yes","cohort","mRS;NIHSS;","mRS","NIHSS","","Odds ratio;",0,"Yes","No",NA,NA,"Yes","Figure 2","mRS","No","Yes","Yes","Regression;","No","","","","","","","","","","","","","","","","","","","","","","","","","","","",NA,1,1,"mRS","mRS","primary","Adjusted SPBG","neurological_condition_1","Stroke"
"107","10.1093/brain/awaa162","Yes","cohort","EDSS;","EDSS","",NA,"Odds ratio;",1,"Yes","No",NA,NA,"No","","","","","","","","","","","","","","","","","","","","","","","","","","","","","","","","","","",NA,99,0,"",NA,"sensitivity","Neither","neurological_condition_1","Multiple sclerosis"
"108","10.1161/STROKEAHA.119.026886","Yes","cohort","mRS;","mRS","",NA,"Beta coefficient(s) only;",0,"Yes","Yes","mRS",NA,"No","","","","","","","","","","","","","","","","","","","","","","","","","","","","","","","","","","",NA,99,0,"",NA,"primary","Other figure only","neurological_condition_1","Stroke"
"109","10.1136/jnnp-2020-325284","Yes","cohort","mRS;","mRS","",NA,"Odds ratio;",0,"Yes","Yes","mRS",NA,"No","","","","","","","","","","","","","","","","","","","","","","","","","","","","","","","","","","",NA,99,0,"",NA,"primary","Other figure only","neurological_condition_1","Stroke"
"110","10.1136/jnnp-2019-321496","Yes","cohort","GBS  disability  scale; medical research council ( MRC) sum score;","GBS disability scale","MRC sum score","","Odds ratio;",0,"Yes","No",NA,NA,"Yes","Figure 2","GDS","Yes","Yes","No","Stratified (select this if you previously indicated that the graph is stratified);","No","","","","","","","","","","","","","","","","","","","","","","","","","","","",NA,0,1,"GBS disability scale",NA,"primary","Unadjusted SPBG","neurological_condition_1","Guillain-Barré"
"111","10.1001/jamaneurol.2019.4476","Yes","cohort","GOSE;","GOSE","",NA,"Odds ratio;",0,"Yes","No",NA,NA,"Yes","Figure 2G","GOSE","No","Yes","No","NA;","No","","","","","","","","","","","","","","","","","","","","","","","","","","","",NA,0,1,"GOSE","GOSE","primary","Unadjusted SPBG","neurological_condition_1","TBI"
"112","10.1212/WNL.0000000000012327","Yes","cohort","mRS;NIHSS;","mRS","NIHSS","","Odds ratio;",0,"Yes","No",NA,NA,"Yes","Figure 2A","mRS","No","Yes","No","NA;","Yes","Figure 2B","mRS","Yes","No","Yes","PS Matching;","Yes","Figure 2C","mRS","No","No","Yes","PS Matching;","No","","","","","","","","","","","","","",NA,1,3,"mRS","mRS","primary","Adjusted SPBG","neurological_condition_1","Stroke"
"113","10.1136/jnnp-2020-323899","Yes","cohort","I-RODS; GDS;","I-RODS","GBS disability scale","","Odds ratio;",1,"Yes","Yes","GDS",NA,"No","","","","","","","","","","","","","","","","","","","","","","","","","","","","","","","","","","",NA,99,0,"",NA,"sensitivity","Other figure only","neurological_condition_1","Guillain-Barré"
"114","10.1001/jamaneurol.2021.2738","Yes","cohort","EDSS;","EDSS","",NA,"Hazard ratio;",0,"Yes","Yes","EDSS",NA,"No","","","","","","","","","","","","","","","","","","","","","","","","","","","","","","","","","","",NA,99,0,"",NA,"primary","Other figure only","neurological_condition_1","Multiple sclerosis"
"115","10.1212/WNL.0000000000009179","Yes","cohort","mRS;","mRS","",NA,"Odds ratio;",0,"Yes","No",NA,NA,"No","","","","","","","","","","","","","","","","","","","","","","","","","","","","","","","","","","",NA,99,0,"",NA,"primary","Neither","neurological_condition_1","Stroke"
"116","10.1212/WNL.0000000000010614","Yes","cohort","mRS;","mRS","",NA,"Odds ratio;",0,"Yes","Yes","mRS",NA,"No","","","","","","","","","","","","","","","","","","","","","","","","","","","","","","","","","","",NA,99,0,"",NA,"primary","Other figure only","neurological_condition_1","Stroke"
"117","10.1212/WNL.0000000000008753","Yes","cohort","mRS;NIHSS;","mRS","NIHSS","","Odds ratio;",0,"Yes","No",NA,NA,"Yes","Figure 2A","mRS","No","Yes","No","NA;","Yes","Figure 2B","mRS","No","Yes","No","NA;","No","","","","","","","","","","","","","","","","","","","","",NA,0,2,"mRS","mRS","primary","Unadjusted SPBG","neurological_condition_1","Stroke"
"118","10.1212/WNL.0000000000012294","Yes","cohort","GOS;","GOS (unextended)","",NA,"Risk ratio;",0,"Yes","No",NA,NA,"No","","","","","","","","","","","","","","","","","","","","","","","","","","","","","","","","","","",NA,99,0,"",NA,"primary","Neither","neurological_condition_1","Meningitis"
"119","10.1161/STROKEAHA.120.032242","Yes","cohort","mRS;","mRS","",NA,"Odds ratio;",0,"Yes","No",NA,NA,"No","","","","","","","","","","","","","","","","","","","","","","","","","","","","","","","","","","",NA,99,0,"",NA,"primary","Neither","neurological_condition_1","Stroke"
"120","10.1161/STROKEAHA.119.027472","Yes","cohort","mRS;","mRS","",NA,"Odds ratio;",0,"No","Yes","mRS",NA,"No","","","","","","","","","","","","","","","","","","","","","","","","","","","","","","","","","","",NA,99,0,"",NA,"sensitivity","Other figure only","neurological_condition_1","Stroke"
"121","10.1161/STROKEAHA.120.029920","Yes","cohort","mRS;","mRS","",NA,"Odds ratio;",1,"Yes","No",NA,NA,"No","","","","","","","","","","","","","","","","","","","","","","","","","","","","","","","","","","",NA,99,0,"",NA,"sensitivity","Neither","neurological_condition_1","Stroke"
"122","10.1161/STROKEAHA.120.029994","Yes","cohort","mRS;","mRS","",NA,"Comparison of values between exposure status with p-value;Odds ratio;",0,"Yes","No",NA,NA,"No","","","","","","","","","","","","","","","","","","","","","","","","","","","","","","","","","","",NA,99,0,"",NA,"primary","Neither","neurological_condition_1","Stroke"
"123","10.1161/STROKEAHA.120.030812","Yes","cohort","mRS;","mRS","",NA,"Odds ratio;",0,"Yes","Yes","mRS",NA,"Yes","Figure 1","mRS","No","Yes","No","NA;","No","","","","","","","","","","","","","","","","","","","","","","","","","","","",NA,0,1,"mRS","mRS","primary","Unadjusted SPBG","neurological_condition_1","Stroke"
"124","10.1212/WNL.0000000000009571","Yes","case-control","EDSS;","EDSS","",NA,"Hazard ratio;",0,"Yes","Yes","EDSS",NA,"No","","","","","","","","","","","","","","","","","","","","","","","","","","","","","","","","","","",NA,99,0,"",NA,"primary","Other figure only","neurological_condition_1","Multiple sclerosis"
"125","10.1136/svn-2020-000656","Yes","cohort","mRS;","mRS","",NA,"AUC;",1,"No","No",NA,NA,"No","","","","","","","","","","","","","","","","","","","","","","","","","","","","","","","","","","",NA,99,0,"",NA,"sensitivity","Neither","neurological_condition_1","Stroke"
"126","10.1001/jamaneurol.2021.1437","Yes","cohort","WIDEA-FS;","WIDEA-FS","",NA,"Mean difference;Odds ratio;",0,"Yes","Yes","WIDEA-FS",NA,"No","","","","","","","","","","","","","","","","","","","","","","","","","","","","","","","","","","",NA,99,0,"",NA,"primary","Other figure only","neurological_condition_1","Seizures"
"127","10.1161/STROKEAHA.120.028972","Yes","cohort","mRS;","mRS","",NA,"Odds ratio;",0,"Yes","No",NA,NA,"No","","","","","","","","","","","","","","","","","","","","","","","","","","","","","","","","","","",NA,99,0,"",NA,"primary","Neither","neurological_condition_1","Stroke"
"128","10.1161/STROKEAHA.119.027012","Yes","cohort","mRS;","mRS","",NA,"Odds ratio;",0,"Yes","No",NA,NA,"No","","","","","","","","","","","","","","","","","","","","","","","","","","","","","","","","","","",NA,99,0,"",NA,"primary","Neither","neurological_condition_1","Stroke"
"129","10.1002/mds.28652","Yes","cohort","UPDRS-III;","UPDRS-III","",NA,"Mean difference;",0,"Yes","Yes","UPDRS-III",NA,"No","","","","","","","","","","","","","","","","","","","","","","","","","","","","","","","","","","",NA,99,0,"",NA,"primary","Other figure only","neurological_condition_1","Parkinson's disease"
"130","10.1161/STROKEAHA.120.031769","Yes","cohort","mRS;","mRS","",NA,"Odds ratio;",0,"Yes","No",NA,NA,"Yes","Figure 4a","mRS","No","Yes","No","NA;","Yes","Figure 4bc","mRS","Yes","Yes","No","Stratified (select this if you previously indicated that the graph is stratified);","No","","","","","","","","","","","","","","","","","","","","",NA,0,2,"mRS","mRS","primary","Unadjusted SPBG","neurological_condition_1","Stroke"
"131","10.1136/svn-2020-000570","Yes","cohort","mRS;","mRS","",NA,"Odds ratio;",0,"Yes","Yes","mRS",NA,"No","","","","","","","","","","","","","","","","","","","","","","","","","","","","","","","","","","",NA,99,0,"",NA,"primary","Other figure only","neurological_condition_1","Stroke"
"132","10.1161/STROKEAHA.119.027740","Yes","cohort","NIHSS;","NIHSS","",NA,"Odds ratio;",0,"Yes","No",NA,NA,"No","","","","","","","","","","","","","","","","","","","","","","","","","","","","","","","","","","",NA,99,0,"",NA,"primary","Neither","neurological_condition_1","Stroke"
"133","10.1161/STROKEAHA.119.027974","Yes","cohort","mRS;NIHSS;","mRS","NIHSS","","Odds ratio;",0,"Yes","No",NA,NA,"No","","","","","","","","","","","","","","","","","","","","","","","","","","","","","","","","","","",NA,99,0,"",NA,"primary","Neither","neurological_condition_1","Stroke"
"134","10.1161/STROKEAHA.119.028383","Yes","cohort","mRS;","mRS","",NA,"Odds ratio;",0,"Yes","Yes","mRS",NA,"No","","","","","","","","","","","","","","","","","","","","","","","","","","","","","","","","","","",NA,99,0,"",NA,"primary","Other figure only","neurological_condition_1","Stroke"
"135","10.1161/STROKEAHA.120.030031","Yes","cohort","NIHSS;mRS;","NIHSS","mRS","","Odds ratio;",0,"Yes","Yes","mRS",NA,"No","","","","","","","","","","","","","","","","","","","","","","","","","","","","","","","","","","",NA,99,0,"",NA,"primary","Other figure only","neurological_condition_1","Stroke"
"136","10.1161/STROKEAHA.120.030592","Yes","cohort","(KOSCHI) King’s Outcome Scale for Childhood Head Injury score;","KOSCHI","",NA,"Odds ratio;",0,"Yes","No",NA,NA,"No","","","","","","","","","","","","","","","","","","","","","","","","","","","","","","","","","","",NA,99,0,"",NA,"primary","Neither","neurological_condition_1","Stroke"
"137","10.1161/STROKEAHA.120.031478","Yes","cohort","mRS;","mRS","",NA,"Odds ratio;",0,"Yes","No",NA,NA,"Yes","Figure 2","mRS","Yes","No","Yes","Stratified (select this if you previously indicated that the graph is stratified);PS Matching;","No","","","","","","","","","","","","","","","","","","","","","","","","","","","",NA,1,1,"mRS","mRS","primary","Adjusted SPBG","neurological_condition_1","Stroke"
"138","10.1136/jnnp-2019-322038","Yes","cohort","Unified  Huntington  Disease  Rating  Scale;","UHDRS","",NA,"Comparison of values between exposure status with p-value;",0,"Yes","Yes","UHDRS",NA,"No","","","","","","","","","","","","","","","","","","","","","","","","","","","","","","","","","","",NA,99,0,"",NA,"primary","Other figure only","neurological_condition_1","Huntington’s disease"
"139","10.1161/STROKEAHA.120.031977","Yes","cohort","mRS;NIHSS;","mRS","NIHSS","","Odds ratio;",0,"Yes","No",NA,NA,"No","","","","","","","","","","","","","","","","","","","","","","","","","","","","","","","","","","",NA,99,0,"",NA,"primary","Neither","neurological_condition_1","Stroke"
"140","10.1161/STROKEAHA.121.034124","Yes","cohort","mRS;Barthel Index;Stroke Impact Scale 16;","mRS","Barthel Index","SIS-16","Odds ratio;",0,"Yes","No",NA,NA,"No","","","","","","","","","","","","","","","","","","","","","","","","","","","","","","","","","","",NA,99,0,"",NA,"primary","Neither","neurological_condition_1","Stroke"
"141","10.1161/STROKEAHA.120.026425","Yes","cohort","mRS;","mRS","",NA,"Odds ratio;",0,"No","No",NA,NA,"No","","","","","","","","","","","","","","","","","","","","","","","","","","","","","","","","","","",NA,99,0,"",NA,"sensitivity","Neither","neurological_condition_1","Stroke"
"142","10.1212/WNL.0000000000011461","Yes","cohort","EDSS;","EDSS","",NA,"Hazard ratio;",0,"No","Yes","EDSS",NA,"No","","","","","","","","","","","","","","","","","","","","","","","","","","","","","","","","","","",NA,99,0,"",NA,"sensitivity","Other figure only","neurological_condition_1","Multiple sclerosis"
"143","10.1161/STROKEAHA.120.029861","Yes","cohort","mRS;","mRS","",NA,"Odds ratio;",1,"No","Yes","mRS",NA,"No","","","","","","","","","","","","","","","","","","","","","","","","","","","","","","","","","","",NA,99,0,"",NA,"sensitivity","Other figure only","neurological_condition_1","Stroke"
"144","10.1161/STROKEAHA.120.033951","Yes","cohort","mRS;NIHSS;","mRS","NIHSS","","Odds ratio;",0,"Yes","Yes","mRS",NA,"No","","","","","","","","","","","","","","","","","","","","","","","","","","","","","","","","","","",NA,99,0,"",NA,"primary","Other figure only","neurological_condition_1","Stroke"
"145","10.1212/WNL.0000000000013165","Yes","case-control","mRS;","mRS","",NA,"Odds ratio;",0,"Yes","Yes","mRS",NA,"Yes","Figure 2A","mRS","No","Yes","No","NA;","Yes","Figure 3A","mRS","No","Yes","No","NA;","No","","","","","","","","","","","","","","","","","","","","",NA,0,2,"mRS","mRS","primary","Unadjusted SPBG","neurological_condition_1","Stroke"
"146","10.1002/ana.25669","Yes","cohort","mRS;NIHSS;","mRS","NIHSS","","Odds ratio;",0,"Yes","Yes","mRS"," NIHSS","Yes","Figure 5C","mRS","No","Yes","No","NA;","No","","","","","","","","","","","","","","","","","","","","","","","","","","","",NA,0,1,"mRS","mRS","primary","Unadjusted SPBG","neurological_condition_1","Stroke"
"147","10.1212/NXI.0000000000000864","Yes","cohort","EDSS;Multiple Sclerosis Severity Score (MSSS);","EDSS","MSSS","","Odds ratio;",0,"Yes","Yes","MSSS","","No","","","","","","","","","","","","","","","","","","","","","","","","","","","","","","","","","","",NA,99,0,"",NA,"primary","Other figure only","neurological_condition_1","Multiple sclerosis"
"148","10.1001/jamaneurol.2021.1008","Yes","cohort","EDSS;","EDSS","",NA,"Hazard ratio;",0,"Yes","Yes","EDSS",NA,"No","","","","","","","","","","","","","","","","","","","","","","","","","","","","","","","","","","",NA,99,0,"",NA,"primary","Other figure only","neurological_condition_1","Multiple sclerosis"
"149","10.1161/STROKEAHA.120.033374","Yes","cohort","mRS;","mRS","",NA,"Odds ratio;",0,"Yes","Yes","mRS",NA,"Yes","Figure 3","mRS","No","Yes","No","NA;","No","","","","","","","","","","","","","","","","","","","","","","","","","","","",NA,0,1,"mRS","mRS","primary","Unadjusted SPBG","neurological_condition_1","Stroke"
"150","10.1136/jnnp-2019-322614","Yes","cohort","Scales  for  Outcomes  in  PD  (SCOPA);","SCOPA","",NA,"Cohen's d;Risk difference; Comparison between exposure status with p-value",0,"Yes","No",NA,NA,"No","","","","","","","","","","","","","","","","","","","","","","","","","","","","","","","","","","",NA,99,0,"",NA,"primary","Neither","neurological_condition_1","Parkinson's disease"
"151","10.1212/WNL.0000000000012858","Yes","cohort","mRS;NIHSS;","mRS","NIHSS","","Odds ratio;",0,"Yes","Yes","mRS"," NIHSS","Yes","Figure 1A","mRS","No","Yes","No","NA;","Yes","Figure 2B","mRS","No","Yes","No","NA;","Yes","Figure 2c","mRS","No","Yes","No","NA;","No","","","","","","","","","","","","","",NA,0,3,"mRS","mRS","primary","Unadjusted SPBG","neurological_condition_1","Stroke"
"152","10.1161/STROKEAHA.120.029212","Yes","cohort","mRS;NIHSS;","mRS","NIHSS","","Odds ratio;",0,"Yes","Yes","mRS"," NIHSS","No","","","","","","","","","","","","","","","","","","","","","","","","","","","","","","","","","","",NA,99,0,"",NA,"primary","Other figure only","neurological_condition_1","Stroke"
"153","10.1212/NXI.0000000000001123","Yes","cohort","GOS;","GOS (unextended)","",NA,"Odds ratio;",1,"Yes","Yes","GOS",NA,"No","","","","","","","","","","","","","","","","","","","","","","","","","","","","","","","","","","",NA,99,0,"",NA,"sensitivity","Other figure only","neurological_condition_1","Meningitis"
"154","10.1212/WNL.0000000000012032","Yes","cohort","GOS-E-Peds; PCPC;","GOS-E-Peds","PCPC","","Odds ratio;",0,"Yes","No",NA,NA,"No","","","","","","","","","","","","","","","","","","","","","","","","","","","","","","","","","","",NA,99,0,"",NA,"primary","Neither","neurological_condition_1","Seizures"
"155","10.1212/WNL.0000000000008881","Yes","cohort","mRS;Barthel Index;","mRS","Barthel Index","","Odds ratio;",0,"Yes","Yes","mRS",NA,"No","","","","","","","","","","","","","","","","","","","","","","","","","","","","","","","","","","",NA,99,0,"",NA,"primary","Other figure only","neurological_condition_1","Stroke"
"156","10.1212/WNL.0000000000010135","Yes","cohort","EDSS;","EDSS","",NA,"Hazard ratio;",0,"Yes","Yes","EDSS",NA,"No","","","","","","","","","","","","","","","","","","","","","","","","","","","","","","","","","","",NA,99,0,"",NA,"primary","Other figure only","neurological_condition_1","Multiple sclerosis"
"157","10.1136/jnnp-2020-325141","Yes","cohort","IBMFRS;","IBMFRS","",NA,"Risk difference;",0,"Yes","Yes","IBMFRS",NA,"No","","","","","","","","","","","","","","","","","","","","","","","","","","","","","","","","","","",NA,99,0,"",NA,"primary","Other figure only","neurological_condition_1","Inclusion body myositis (IBM)"
"158","10.1136/jnnp-2020-324741","Yes","cohort","mRS;","mRS","",NA,"Hazard ratio;",0,"No","Yes","mRS",NA,"Yes","Figure 2","mRS","No","Yes","No","NA;","No","","","","","","","","","","","","","","","","","","","","","","","","","","","",NA,0,1,"mRS","mRS","sensitivity","Unadjusted SPBG","neurological_condition_1","Stroke"
"159","10.1212/NXI.0000000000000958","Yes","cohort","mRS;","mRS","",NA,"Odds ratio;",0,"Yes","No",NA,NA,"Yes","Figure 1 CDE","mRS","Yes","Yes","No","NA;","No","","","","","","","","","","","","","","","","","","","","","","","","","","","",NA,0,1,"mRS","mRS","primary","Unadjusted SPBG","neurological_condition_1","Encephalitis"
"160","10.1161/STROKEAHA.120.029503","Yes","cohort","mRS;","mRS","",NA,"Odds ratio;",0,"No","No",NA,NA,"No","","","","","","","","","","","","","","","","","","","","","","","","","","","","","","","","","","",NA,99,0,"",NA,"sensitivity","Neither","neurological_condition_1","Stroke"
"161","10.1212/WNL.0000000000012862","Yes","cohort","UPDRS-III;","UPDRS-III","",NA,"Beta coefficient(s) only;",0,"Yes","No",NA,NA,"No","","","","","","","","","","","","","","","","","","","","","","","","","","","","","","","","","","",NA,99,0,"",NA,"primary","Neither","neurological_condition_1","Parkinson's disease"
"162","10.1136/jnnp-2019-320646","Yes","cohort","UHDRS;","UHDRS","",NA,"Beta coefficient(s) only;",0,"Yes","No",NA,NA,"No","","","","","","","","","","","","","","","","","","","","","","","","","","","","","","","","","","",NA,99,0,"",NA,"primary","Neither","neurological_condition_1","Huntington’s disease"
"163","10.1136/svn-2020-000466","Yes","cohort","mRS;NIHSS;","mRS","NIHSS","","Odds ratio;Hazard ratio;",0,"Yes","No",NA,NA,"Yes","Figure 2","mRS","No","Yes","No","NA;","No","","","","","","","","","","","","","","","","","","","","","","","","","","","",NA,0,1,"mRS","mRS","primary","Unadjusted SPBG","neurological_condition_1","Stroke"
"164","10.1161/STROKEAHA.119.028586","Yes","case-control","mRS;NIHSS;","mRS","NIHSS","","Odds ratio;",0,"Yes","Yes","mRS","NIHSS","Yes","Figure 2 right top","mRS","No","Yes","No","NA;","Yes","Figure 2 right middle/bottom","mRS","Yes","Yes","No","Stratified (select this if you previously indicated that the graph is stratified);","No","","","","","","","","","","","","","","","","","","","","",NA,0,2,"mRS","mRS","primary","Unadjusted SPBG","neurological_condition_1","Stroke"
"165","10.1212/WNL.0000000000011788","Yes","cohort","EDSS;","EDSS","",NA,"Odds ratio;",0,"Yes","Yes","EDSS",NA,"No","","","","","","","","","","","","","","","","","","","","","","","","","","","","","","","","","","",NA,99,0,"",NA,"primary","Other figure only","neurological_condition_1","Multiple sclerosis"
"166","10.1161/STROKEAHA.120.030227","Yes","cohort","mRS;","mRS","",NA,"Odds ratio;",0,"Yes","Yes","mRS",NA,"Yes","Figure 3a","mRS","No","Yes","No","NA;","Yes","Figure 3b","mRS","No","No","Yes","Regression;","Yes","Figure 3c","mRS","No","Yes","No","NA;","Yes","Figure 3d","mRS","No","No","Yes","Regression;","No","","","","","","",NA,1,4,"mRS","mRS","primary","Adjusted SPBG","neurological_condition_1","Stroke"
"167","10.1136/svn-2020-000476","Yes","cohort","mRS;","mRS","",NA,"Odds ratio;",0,"Yes","Yes","mRS",NA,"No","","","","","","","","","","","","","","","","","","","","","","","","","","","","","","","","","","",NA,99,0,"",NA,"primary","Other figure only","neurological_condition_1","Stroke"
"168","10.1161/STROKEAHA.120.030912","Yes","cohort","mRS;","mRS","",NA,"Odds ratio;",0,"Yes","Yes","mRS",NA,"Yes","Figure 2","mRS","No","Yes","No","NA;","No","","","","","","","","","","","","","","","","","","","","","","","","","","","",NA,0,1,"mRS","mRS","primary","Unadjusted SPBG","neurological_condition_1","Stroke"
"169","10.1136/svn-2020-000351","Yes","cohort","mRS;NIHSS;","mRS","NIHSS","","Odds ratio;",0,"Yes","No",NA,NA,"Yes","Figure 1","mRS","No","Yes","No","NA;","No","","","","","","","","","","","","","","","","","","","","","","","","","","","",NA,0,1,"mRS","mRS","primary","Unadjusted SPBG","neurological_condition_1","Stroke"
"170","10.1136/svn-2020-000640","Yes","cohort","mRS;NIHSS;","mRS","NIHSS","","Odds ratio; Mean difference;",0,"Yes","No",NA,NA,"Yes","Figure 1","mRS","No","Yes","No","NA;","No","","","","","","","","","","","","","","","","","","","","","","","","","","","",NA,0,1,"mRS","mRS","primary","Unadjusted SPBG","neurological_condition_1","Stroke"
"171","10.1016/S1474-4422(21)00162-9","Yes","cohort","GOSE;","GOSE","",NA,"Odds ratio;",0,"Yes","Yes","GOSE",NA,"No","","","","","","","","","","","","","","","","","","","","","","","","","","","","","","","","","","",NA,99,0,"",NA,"primary","Other figure only","neurological_condition_1","TBI"
"172","10.1161/STROKEAHA.120.034023","Yes","cohort","mRS;","mRS","",NA,"Odds ratio;",1,"Yes","Yes","mRS",NA,"Yes","Figure 3","mRS","Yes","Yes","No","Stratified (select this if you previously indicated that the graph is stratified);","No","","","","","","","","","","","","","","","","","","","","","","","","","","","",NA,0,1,"mRS","mRS","sensitivity","Unadjusted SPBG","neurological_condition_1","Stroke"
"173","10.1161/STROKEAHA.119.028730","Yes","cohort","mRS;","mRS","",NA,"Odds ratio;",0,"Yes","Yes","mRS",NA,"No","","","","","","","","","","","","","","","","","","","","","","","","","","","","","","","","","","",NA,99,0,"",NA,"primary","Other figure only","neurological_condition_1","Stroke"
"174","10.1136/jnnp-2019-322365","Yes","cohort","mRS;Barthel Index;","mRS","Barthel Index","","Hazard ratio;",0,"Yes","Yes","mRS"," BI","No","","","","","","","","","","","","","","","","","","","","","","","","","","","","","","","","","","",NA,99,0,"",NA,"primary","Other figure only","neurological_condition_1","Stroke"
"175","10.1093/brain/awaa181","Yes","cross-sectional","UPDRS-III;","UPDRS-III","",NA,"Beta coefficient(s) only;",0,"Yes","Yes","UPDRS III",NA,"No","","","","","","","","","","","","","","","","","","","","","","","","","","","","","","","","","","",NA,99,0,"",NA,"primary","Other figure only","neurological_condition_1","Parkinson's disease"
"176","10.1212/WNL.0000000000012827","Yes","cohort","UW-mRS;","UW-mRS","",NA,"Odds ratio;",0,"Yes","No",NA,NA,"No","","","","","","","","","","","","","","","","","","","","","","","","","","","","","","","","","","",NA,99,0,"",NA,"primary","Neither","neurological_condition_1","Stroke"
"177","10.1161/STROKEAHA.121.034205","Yes","cohort","mRS;","mRS","",NA,"Odds ratio;",0,"Yes","Yes","mRS",NA,"Yes","Figure 2","mRS","Yes","Yes","No","NA;","No","","","","","","","","","","","","","","","","","","","","","","","","","","","",NA,0,1,"mRS","mRS","primary","Unadjusted SPBG","neurological_condition_1","Stroke"
"178","10.1212/WNL.0000000000009056","Yes","case-control","NIHSS;Stroke Levity Scale;","NIHSS","Stroke Levity Scale","","Odds ratio;",0,"Yes","No",NA,NA,"No","","","","","","","","","","","","","","","","","","","","","","","","","","","","","","","","","","",NA,99,0,"",NA,"primary","Neither","neurological_condition_1","Stroke"
"179","10.1212/WNL.0000000000011006","Yes","cohort","mRS;NIHSS;","mRS","NIHSS","","Odds ratio;",0,"Yes","No",NA,NA,"Yes","Figure 4","mRS","No","Yes","No",NA,"No","","","","","","","","","","","","","","","","","","","","","","","","","","","",NA,0,1,"mRS","mRS","primary","Unadjusted SPBG","neurological_condition_1","Stroke"
"180","10.1001/jamaneurol.2021.1707","Yes","cohort","mRS;","mRS","",NA,"Odds ratio;",0,"Yes","Yes","mRS",NA,"Yes","Figure 1A","mRS","No","Yes","No","NA;","Yes","Figure 2BC","mRS","Yes","Yes","No","Stratified (select this if you previously indicated that the graph is stratified);","Yes","Figure 2D","mRS","No","No","Yes","PS Matching;","No","","","","","","","","","","","","","",NA,1,3,"mRS","mRS","primary","Adjusted SPBG","neurological_condition_1","Stroke"
"181","10.1136/svn-2021-001024","Yes","cohort","mRS;","mRS","",NA,"Odds ratio;",0,"Yes","No",NA,NA,"No","","","","","","","","","","","","","","","","","","","","","","","","","","","","","","","","","","",NA,99,0,"",NA,"primary","Neither","neurological_condition_1","Stroke"
"182","10.1161/STROKEAHA.120.034033","Yes","cohort","mRS;NIHSS;","mRS","NIHSS","","Odds ratio;",0,"Yes","No",NA,NA,"Yes","Figure 2","mRS","No","Yes","No","NA;","No","","","","","","","","","","","","","","","","","","","","","","","","","","","",NA,0,1,"mRS","mRS","primary","Unadjusted SPBG","neurological_condition_1","Stroke"
"183","10.1212/WNL.0000000000009764","Yes","cohort","mRS;NIHSS;","mRS","NIHSS","","Odds ratio;",0,"Yes","Yes","mRS",NA,"Yes","Figure 2","mRS","No","Yes","No","NA;","No","","","","","","","","","","","","","","","","","","","","","","","","","","","",NA,0,1,"mRS","mRS","primary","Unadjusted SPBG","neurological_condition_1","Stroke"
"184","10.1161/STROKEAHA.120.028963","Yes","cohort","mRS;NIHSS;","mRS","NIHSS","","Odds ratio;",0,"Yes","No",NA,NA,"No","","","","","","","","","","","","","","","","","","","","","","","","","","","","","","","","","","",NA,99,0,"",NA,"primary","Neither","neurological_condition_1","Stroke"
"185","10.1161/STROKEAHA.120.029194","Yes","cohort","mRS;NIHSS;","mRS","NIHSS","","Risk ratio;Mean difference;",0,"Yes","Yes","mRS"," NIHSS","No","","","","","","","","","","","","","","","","","","","","","","","","","","","","","","","","","","",NA,99,0,"",NA,"primary","Other figure only","neurological_condition_1","Stroke"
"186","10.1212/WNL.0000000000011566","Yes","cohort","mRS;NIHSS;","mRS","NIHSS","","Odds ratio;",0,"Yes","No",NA,NA,"Yes","Figure 1AB","mRS","No","Yes","No","NA;","Yes","Figure 2B","mRS","No","Yes","No","NA;","No","","","","","","","","","","","","","","","","","","","","",NA,0,2,"mRS","mRS","primary","Unadjusted SPBG","neurological_condition_1","Stroke"
"187","10.1161/STROKEAHA.120.031929","Yes","cohort","mRS;NIHSS;","mRS","NIHSS","","Odds ratio;",0,"Yes","No",NA,NA,"Yes","Figure 2A","mRS","No","Yes","No","NA;","Yes","Figure 2B","mRS","Yes","Yes","No","Stratified (select this if you previously indicated that the graph is stratified);","Yes","Figure 3A","mRS","No","Yes","No","NA;","Yes","Figure 3B","mRS","Yes","Yes","No","Stratified (select this if you previously indicated that the graph is stratified);","No","","","","","","",NA,0,4,"mRS","mRS","primary","Unadjusted SPBG","neurological_condition_1","Stroke"
"188","10.1161/STROKEAHA.119.028287","Yes","cohort","mRS;NIHSS;","mRS","NIHSS","","Odds ratio;",0,"Yes","No",NA,NA,"Yes","Figure 2","mRS","No","No","Yes","Regression;","No","","","","","","","","","","","","","","","","","","","","","","","","","","","",NA,1,1,"mRS","mRS","primary","Adjusted SPBG","neurological_condition_1","Stroke"
"189","10.1212/WNL.0000000000011096","Yes","cohort","mRS;","mRS","",NA,"Odds ratio;",0,"Yes","No",NA,NA,"No","","","","","","","","","","","","","","","","","","","","","","","","","","","","","","","","","","",NA,99,0,"",NA,"primary","Neither","neurological_condition_1","Stroke"
"190","10.1161/STROKEAHA.121.034195","Yes","cohort","NIHSS;mRS;","NIHSS","mRS","","Odds ratio;",0,"Yes","No",NA,NA,"Yes","Figure 3","mRS","No","Yes","No","NA;","No","","","","","","","","","","","","","","","","","","","","","","","","","","","",NA,0,1,"mRS","mRS","primary","Unadjusted SPBG","neurological_condition_1","Stroke"
"191","10.1161/STROKEAHA.120.033101","Yes","cohort","mRS;NIHSS;","mRS","NIHSS","","Odds ratio;Comparison of values between exposure status with p-value;",0,"Yes","Yes","mRS",NA,"Yes","Figure 1 top","mRS","No","No","Yes","PS Matching;","Yes","Figure 1 bottom","mRS","Yes","No","Yes","Stratified (select this if you previously indicated that the graph is stratified);PS Matching;","No","","","","","","","","","","","","","","","","","","","","",NA,1,2,"mRS","mRS","primary","Adjusted SPBG","neurological_condition_1","Stroke"
"192","10.1212/WNL.0000000000010955","Yes","cohort","mRS;NIHSS;","mRS","NIHSS","","Odds ratio;",0,"Yes","No",NA,NA,"Yes","Figure 2","mRS","No","Yes","No","NA;","Yes","Figure 3","mRS","No","No","Yes","PS Matching;","No","","","","","","","","","","","","","","","","","","","","",NA,1,2,"mRS","mRS","primary","Adjusted SPBG","neurological_condition_1","Stroke"
"193","10.1161/STROKEAHA.120.029292","Yes","cohort","mRS;NIHSS;","mRS","NIHSS","","Odds ratio;",0,"Yes","Yes","mRS"," NIHSS","No","","","","","","","","","","","","","","","","","","","","","","","","","","","","","","","","","","",NA,99,0,"",NA,"primary","Other figure only","neurological_condition_1","Stroke"
"194","10.1161/STROKEAHA.120.029907","Yes","cohort","mRS;NIHSS;","mRS","NIHSS","","Odds ratio;",0,"Yes","Yes","mRS"," NIHSS","Yes","Figure 1","mRS","No","Yes","No","NA;","No","","","","","","","","","","","","","","","","","","","","","","","","","","","",NA,0,1,"mRS","mRS","primary","Unadjusted SPBG","neurological_condition_1","Stroke"
"195","10.1212/WNL.0000000000008674","Yes","cohort","mRS;NIHSS;","mRS","NIHSS","","Odds ratio;",0,"Yes","No",NA,NA,"Yes","Figure 2","mRS","No","Yes","No","NA;","No","","","","","","","","","","","","","","","","","","","","","","","","","","","",NA,0,1,"mRS","mRS","primary","Unadjusted SPBG","neurological_condition_1","Stroke"
"196","10.1161/STROKEAHA.119.027791","Yes","cohort","mRS;","mRS","",NA,"Odds ratio;Risk ratio;",0,"Yes","No",NA,NA,"No","","","","","","","","","","","","","","","","","","","","","","","","","","","","","","","","","","",NA,99,0,"",NA,"primary","Neither","neurological_condition_1","Stroke"
"197","10.1161/STROKEAHA.119.026914","Yes","cohort","mRS;NIHSS;","mRS","NIHSS","","Odds ratio;",0,"Yes","Yes","NIHSS"," mRS","No","","","","","","","","","","","","","","","","","","","","","","","","","","","","","","","","","","",NA,99,0,"",NA,"primary","Other figure only","neurological_condition_1","Stroke"
"198","10.1161/STROKEAHA.121.034408","Yes","cohort","mRS;NIHSS;","mRS","NIHSS","","Odds ratio;",0,"Yes","Yes","mRS"," NIHSS","Yes","Figure 2","mRS","No","Yes","No","NA;","No","","","","","","","","","","","","","","","","","","","","","","","","","","","",NA,0,1,"mRS","mRS","primary","Unadjusted SPBG","neurological_condition_1","Stroke"
"199","10.1136/jnnp-2020-323015","Yes","cohort","mRS;","mRS","",NA,"Odds ratio;",0,"Yes","No",NA,NA,"No","","","","","","","","","","","","","","","","","","","","","","","","","","","","","","","","","","",NA,99,0,"",NA,"primary","Neither","neurological_condition_1","Stroke"
"200","10.1136/jnnp-2020-325328","Yes","cohort","mRS;","mRS","",NA,"Odds ratio;",0,"Yes","No",NA,NA,"Yes","Figure 3","mRS","No","Yes","No","NA;","Yes","Figure 4","mRS","Yes","Yes","No","Stratified (select this if you previously indicated that the graph is stratified);","No","","","","","","","","","","","","","","","","","","","","",NA,0,2,"mRS","mRS","primary","Unadjusted SPBG","neurological_condition_1","Stroke"
"201","10.1212/WNL.0000000000012063","Yes","cohort","mRS;NIHSS;","mRS","NIHSS","","Odds ratio;",0,"Yes","Yes","mRS","NIHSS","Yes","Figure 2","mRS","No","Yes","No","NA;","No","","","","","","","","","","","","","","","","","","","","","","","","","","","",NA,0,1,"mRS","mRS","primary","Unadjusted SPBG","neurological_condition_1","Stroke"
"202","10.1161/STROKEAHA.120.029830","Yes","cohort","mRS;","mRS","",NA,"Odds ratio;",0,"Yes","Yes","mRS",NA,"Yes","Figure 1B","mRS","No","Yes","No","NA;","No","","","","","","","","","","","","","","","","","","","","","","","","","","","",NA,0,1,"mRS","mRS","primary","Unadjusted SPBG","neurological_condition_1","Stroke"
"203","10.1161/STROKEAHA.120.033539","Yes","case-control","mRS;NIHSS;","mRS","NIHSS","","Odds ratio;",0,"Yes","No",NA,NA,"Yes","Figure top","mRS","No","Yes","No","NA;","Yes","Figure bottom","mRS","No","Yes","No","NA;","No","","","","","","","","","","","","","","","","","","","","",NA,0,2,"mRS","mRS","primary","Unadjusted SPBG","neurological_condition_1","Stroke"
"204","10.1161/STROKEAHA.120.031651","Yes","cohort","mRS;","mRS","",NA,"Odds ratio;",0,"Yes","No",NA,NA,"No","","","","","","","","","","","","","","","","","","","","","","","","","","","","","","","","","","",NA,99,0,"",NA,"primary","Neither","neurological_condition_1","Stroke"
"205","10.1161/STROKEAHA.120.029267","Yes","cohort","mRS;","mRS","",NA,"Odds ratio;",0,"Yes","No",NA,NA,"No","","","","","","","","","","","","","","","","","","","","","","","","","","","","","","","","","","",NA,99,0,"",NA,"primary","Neither","neurological_condition_1","Stroke"
"206","10.1212/WNL.0000000000008930","Yes","cohort","mRS;","mRS","",NA,"Odds ratio;",0,"Yes","No",NA,NA,"No","","","","","","","","","","","","","","","","","","","","","","","","","","","","","","","","","","",NA,99,0,"",NA,"primary","Neither","neurological_condition_1","Stroke"
"207","10.1001/jamaneurol.2019.4192","Yes","cohort","mRS;NIHSS;","mRS","NIHSS","","Odds ratio;",0,"Yes","Yes","mRS"," NIHSS","No","","","","","","","","","","","","","","","","","","","","","","","","","","","","","","","","","","",NA,99,0,"",NA,"primary","Other figure only","neurological_condition_1","Stroke"
"208","10.1161/STROKEAHA.119.027230","Yes","cohort","mRS;NIHSS;","mRS","NIHSS","","Odds ratio;",0,"Yes","Yes","mRS",NA,"No","","","","","","","","","","","","","","","","","","","","","","","","","","","","","","","","","","",NA,99,0,"",NA,"primary","Other figure only","neurological_condition_1","Stroke"
"209","10.1001/jamaneurol.2020.0156","Yes","cohort","mRS;NIHSS;","mRS","NIHSS","","Odds ratio;",0,"Yes","Yes","mRS",NA,"Yes","Figure 1A","mRS","No","Yes","No","NA;","Yes","Figure 1B","mRS","No","No","Yes","PS Matching;","No","","","","","","","","","","","","","","","","","","","","",NA,1,2,"mRS","mRS","primary","Adjusted SPBG","neurological_condition_1","Stroke"
"210","10.1001/jamaneurol.2020.4596","Yes","cohort","GOS;","GOS (unextended)","",NA,"Odds ratio;",0,"Yes","No",NA,NA,"No","","","","","","","","","","","","","","","","","","","","","","","","","","","","","","","","","","",NA,99,0,"",NA,"primary","Neither","neurological_condition_1","TBI"
"211","10.1212/WNL.0000000000011268","Yes","cohort","mRS;","mRS","",NA,"Odds ratio;",1,"Yes","Yes","mRS",NA,"No","","","","","","","","","","","","","","","","","","","","","","","","","","","","","","","","","","",NA,99,0,"",NA,"sensitivity","Other figure only","neurological_condition_1","Stroke"
"212","10.1212/WNL.0000000000010950","Yes","cohort","ISNCSCI; SCIM 3;","ISNCSCI"," SCIM 3","","Beta coefficient(s) only;",0,"Yes","Yes","ISNCSCI motor score"," SCIM","No","","","","","","","","","","","","","","","","","","","","","","","","","","","","","","","","","","",NA,99,0,"",NA,"primary","Other figure only","neurological_condition_1","Spinal Cord Injury"
"213","10.1161/STROKEAHA.119.028675","Yes","cohort","mRS;NIHSS;","mRS","NIHSS","","Odds ratio;",0,"Yes","No",NA,NA,"Yes","Figure 2","mRS","No","Yes","No","NA;","No","","","","","","","","","","","","","","","","","","","","","","","","","","","",NA,0,1,"mRS","mRS","primary","Unadjusted SPBG","neurological_condition_1","Stroke"
"214","10.1161/STROKEAHA.120.033032","Yes","cohort","mRS;NIHSS;","mRS","NIHSS","","Odds ratio;",0,"Yes","Yes","mRS",NA,"Yes","Figure 2","mRS","No","Yes","No","NA;","No","","","","","","","","","","","","","","","","","","","","","","","","","","","",NA,0,1,"mRS","mRS","primary","Unadjusted SPBG","neurological_condition_1","Stroke"
"215","10.1212/WNL.0000000000010245","Yes","cohort","mRS;","mRS","",NA,"Odds ratio;Risk difference;",0,"Yes","No",NA,NA,"Yes","Figure 2","mRS","No","No","Yes","Regression;","No","","","","","","","","","","","","","","","","","","","","","","","","","","","",NA,1,1,"mRS","mRS","primary","Adjusted SPBG","neurological_condition_1","Stroke"
"216","10.1161/STROKEAHA.120.029944","Yes","cohort","mRS;NIHSS;","mRS","NIHSS","","Odds ratio;",0,"Yes","Yes","mRS"," NIHSS","Yes","Figure 2","mRS","No","Yes","No","NA;","No","","","","","","","","","","","","","","","","","","","","","","","","","","","",NA,0,1,"mRS","mRS","primary","Unadjusted SPBG","neurological_condition_1","Stroke"
"217","10.1161/STROKEAHA.120.031386","Yes","cohort","mRS;NIHSS;","mRS","NIHSS","","Odds ratio;",0,"Yes","No",NA,NA,"Yes","Figure 2","mRS","Yes","Yes","No","Stratified (select this if you previously indicated that the graph is stratified);","Yes","Figure 3","mRS","Yes","Yes","No","Stratified (select this if you previously indicated that the graph is stratified);","No","","","","","","","","","","","","","","","","","","","","",NA,0,2,"mRS","mRS","primary","Unadjusted SPBG","neurological_condition_1","Stroke"
"218","10.1002/ana.26152","Yes","cohort","mRS;","mRS","",NA,"Odds ratio;",0,"Yes","Yes","mRS",NA,"Yes","Figure 4A","mRS","Yes","Yes","No","Stratified (select this if you previously indicated that the graph is stratified);","Yes","Figure 4B","mRS","Yes","Yes","No","Stratified (select this if you previously indicated that the graph is stratified);","No","","","","","","","","","","","","","","","","","","","","",NA,0,2,"mRS","mRS","primary","Unadjusted SPBG","neurological_condition_1","Stroke"
"219","10.1002/ana.25917","Yes","cohort","mRS;NIHSS;","mRS","NIHSS","","Odds ratio;",0,"Yes","No",NA,NA,"Yes","Figure 3","mRS","No","Yes","No","NA;","No","","","","","","","","","","","","","","","","","","","","","","","","","","","",NA,0,1,"mRS","mRS","primary","Unadjusted SPBG","neurological_condition_1","Stroke"
"220","10.1212/WNL.0000000000010203","Yes","cohort","mRS;","mRS","",NA,"Odds ratio;",0,"Yes","Yes","mRS",NA,"No","","","","","","","","","","","","","","","","","","","","","","","","","","","","","","","","","","",NA,99,0,"",NA,"primary","Other figure only","neurological_condition_1","Stroke"
"221","10.1212/WNL.0000000000008748","Yes","cohort","mRS;NIHSS;","mRS","NIHSS","","Odds ratio;",0,"Yes","No",NA,NA,"Yes","Figure 2","mRS","No","Yes","No","NA;","Yes","Figure 3","mRS","No","Yes","No","NA;","No","","","","","","","","","","","","","","","","","","","","",NA,0,2,"mRS","mRS","primary","Unadjusted SPBG","neurological_condition_1","Stroke"
"222","10.1212/NXI.0000000000001088","Yes","cohort","mRS;","mRS","",NA,"Risk ratio;",0,"Yes","No",NA,NA,"Yes","Figure 3Ga","mRS","Yes","Yes","No","Stratified (select this if you previously indicated that the graph is stratified);","Yes","Figure 3Gb","mRS","Yes","Yes","No","Stratified (select this if you previously indicated that the graph is stratified);","Yes","Figure 3Gc","mRS","Yes","Yes","No","NA;","Yes","Figure 3Gd","mRS","Yes","Yes","No","Stratified (select this if you previously indicated that the graph is stratified);","No","","","","","","",NA,0,4,"mRS","mRS","primary","Unadjusted SPBG","neurological_condition_1","Encephalitis"
"223","10.1161/STROKEAHA.120.031599","Yes","cohort","mRS;NIHSS;","mRS","NIHSS","","Odds ratio;Comparison of values between exposure status with p-value; Mean difference",0,"Yes","Yes","mRS",NA,"Yes","Figure 2","mRS","No","No","Yes","PS Matching;","No","","","","","","","","","","","","","","","","","","","","","","","","","","","",NA,1,1,"mRS","mRS","primary","Adjusted SPBG","neurological_condition_1","Stroke"
"224","10.1161/STROKEAHA.120.031392","Yes","cohort","mRS;NIHSS;","mRS","NIHSS","","Odds ratio;",0,"Yes","Yes","mRS"," NIHSS","No","","","","","","","","","","","","","","","","","","","","","","","","","","","","","","","","","","",NA,99,0,"",NA,"primary","Other figure only","neurological_condition_1","Stroke"
"225","10.1212/WNL.0000000000008654","Yes","cohort","mRS;","mRS","",NA,"Odds ratio;",0,"Yes","No",NA,NA,"No","","","","","","","","","","","","","","","","","","","","","","","","","","","","","","","","","","",NA,99,0,"",NA,"primary","Neither","neurological_condition_1","Stroke"
"226","10.1161/STROKEAHA.121.034926","Yes","cohort","mRS;NIHSS;","mRS","NIHSS","","Odds ratio;",0,"Yes","No",NA,NA,"Yes","Figure 2","mRS","No","Yes","No","NA;","No","","","","","","","","","","","","","","","","","","","","","","","","","","","",NA,0,1,"mRS","mRS","primary","Unadjusted SPBG","neurological_condition_1","Stroke"
"227","10.1002/ana.25949","Yes","cohort","mRS;","mRS","",NA,"Odds ratio;",0,"Yes","No",NA,NA,"No","","","","","","","","","","","","","","","","","","","","","","","","","","","","","","","","","","",NA,99,0,"",NA,"primary","Neither","neurological_condition_1","Stroke"
"228","10.1002/ana.25756","Yes","cohort","mRS;NIHSS;","mRS","NIHSS","","Odds ratio;",0,"Yes","Yes","mRS",NA,"No","","","","","","","","","","","","","","","","","","","","","","","","","","","","","","","","","","",NA,99,0,"",NA,"primary","Other figure only","neurological_condition_1","Stroke"
"229","10.1161/STROKEAHA.120.030895","Yes","cohort","mRS;NIHSS;","mRS","NIHSS","","Odds ratio;",0,"Yes","Yes","mRS",NA,"Yes","Figure 2A","mRS","No","Yes","No","NA;","Yes","Figure 2","mRS","No","Yes","No","NA;","No","","","","","","","","","","","","","","","","","","","","",NA,0,2,"mRS","mRS","primary","Unadjusted SPBG","neurological_condition_1","Stroke"
"230","10.1136/jnnp-2020-324869","Yes","cohort","EDSS;","EDSS","",NA,"Hazard ratio;",0,"Yes","Yes","EDSS",NA,"No","","","","","","","","","","","","","","","","","","","","","","","","","","","","","","","","","","",NA,99,0,"",NA,"primary","Other figure only","neurological_condition_1","Multiple sclerosis"
"231","10.1136/svn-2020-000803","Yes","cohort","mRS;NIHSS;","mRS","NIHSS","","Odds ratio;",0,"Yes","No",NA,NA,"Yes","Figure 2","mRS","No","Yes","No","NA;","No","","","","","","","","","","","","","","","","","","","","","","","","","","","",NA,0,1,"mRS","mRS","primary","Unadjusted SPBG","neurological_condition_1","Stroke"
"232","10.1161/STROKEAHA.119.025856","Yes","cohort","mRS;NIHSS;","mRS","NIHSS","","Odds ratio;",0,"Yes","No",NA,NA,"Yes","Figure 2","mRS","No","Yes","No","NA;","No","","","","","","","","","","","","","","","","","","","","","","","","","","","",NA,0,1,"mRS","mRS","primary","Unadjusted SPBG","neurological_condition_1","Stroke"
"233","10.1212/WNL.0000000000010603","Yes","cohort","mRS;NIHSS;","mRS","NIHSS","","Risk ratio;Odds ratio;",0,"Yes","Yes","NIHSS",NA,"Yes","Figure 4","mRS","Yes","Yes","No","Stratified (select this if you previously indicated that the graph is stratified);","No","","","","","","","","","","","","","","","","","","","","","","","","","","","",NA,0,1,"mRS","mRS","primary","Unadjusted SPBG","neurological_condition_1","Stroke"
"234","10.1002/ana.26272","Yes","cohort","mRS;NIHSS;","mRS","NIHSS","","Odds ratio;",0,"Yes","No",NA,NA,"Yes","Figure 2A","mRS","No","Yes","No","NA;","Yes","Figure 2B","mRS","Yes","Yes","No","Stratified (select this if you previously indicated that the graph is stratified);","Yes","Figure 2C","mRS","No","Yes","No","Stratified (select this if you previously indicated that the graph is stratified);","No","","","","","","","","","","","","","",NA,0,3,"mRS","mRS","primary","Unadjusted SPBG","neurological_condition_1","Stroke"
"235","10.1161/STROKEAHA.121.034960","Yes","cohort","mRS;NIHSS;","mRS","NIHSS","","Odds ratio;",0,"Yes","No",NA,NA,"Yes","Figure 2","mRS","No","Yes","No","NA;","No","","","","","","","","","","","","","","","","","","","","","","","","","","","",NA,0,1,"mRS","mRS","primary","Unadjusted SPBG","neurological_condition_1","Stroke"
"236","10.1161/STROKEAHA.120.030041","Yes","cohort","mRS;NIHSS;","mRS","NIHSS","","Odds ratio;",0,"Yes","No",NA,NA,"No","","","","","","","","","","","","","","","","","","","","","","","","","","","","","","","","","","",NA,99,0,"",NA,"primary","Neither","neurological_condition_1","Stroke"
"237","10.1161/STROKEAHA.120.033152","Yes","cohort","mRS;","mRS","",NA,"Odds ratio;",0,"Yes","No",NA,NA,"No","","","","","","","","","","","","","","","","","","","","","","","","","","","","","","","","","","",NA,99,0,"",NA,"primary","Neither","neurological_condition_1","Stroke"
"238","10.1161/STROKEAHA.121.035615","Yes","cohort","mRS;NIHSS;","mRS","NIHSS","","Odds ratio;",1,"Yes","No",NA,NA,"No","","","","","","","","","","","","","","","","","","","","","","","","","","","","","","","","","","",NA,99,0,"",NA,"sensitivity","Neither","neurological_condition_1","Stroke"
"239","10.1212/WNL.0000000000010618","Yes","cohort","mRS;","mRS","",NA,"Odds ratio;",0,"Yes","Yes","mRS",NA,"No","","","","","","","","","","","","","","","","","","","","","","","","","","","","","","","","","","",NA,99,0,"",NA,"primary","Other figure only","neurological_condition_1","Stroke"
"240","10.1161/STROKEAHA.120.031685","Yes","cohort","mRS;NIHSS;","mRS","NIHSS","","Odds ratio;",0,"Yes","No",NA,NA,"Yes","Figure 2","mRS","Yes","Yes","No","Stratified (select this if you previously indicated that the graph is stratified);","No","","","","","","","","","","","","","","","","","","","","","","","","","","","",NA,0,1,"mRS","mRS","primary","Unadjusted SPBG","neurological_condition_1","Stroke"
"241","10.1161/STROKEAHA.120.031031","Yes","cohort","mRS;NIHSS;","mRS","NIHSS","","Odds ratio;",0,"Yes","No",NA,NA,"Yes","Figure 2A","mRS","No","No","Yes","PS Matching;","Yes","Figure 2B","mRS","No","Yes","No","NA;","No","","","","","","","","","","","","","","","","","","","","",NA,1,2,"mRS","mRS","primary","Adjusted SPBG","neurological_condition_1","Stroke"
"242","10.1002/ana.25978","Yes","cohort","mRS;NIHSS;","mRS","NIHSS","","Odds ratio;",0,"Yes","Yes","mRS"," NIHSS","No","","","","","","","","","","","","","","","","","","","","","","","","","","","","","","","","","","",NA,99,0,"",NA,"primary","Other figure only","neurological_condition_1","Stroke"
"243","10.1212/WNL.0000000000011449","Yes","cohort","UW-mRS;mRS;NIHSS;","UW-mRS","mRS","NIHSS","Odds ratio;",0,"Yes","Yes","UW-mRS",NA,"No","","","","","","","","","","","","","","","","","","","","","","","","","","","","","","","","","","",NA,99,0,"",NA,"primary","Other figure only","neurological_condition_1","Stroke"
"244","10.1161/STROKEAHA.120.033657","Yes","cohort","mRS;NIHSS;","mRS","NIHSS","","Odds ratio;",0,"Yes","Yes","mRS",NA,"No","","","","","","","","","","","","","","","","","","","","","","","","","","","","","","","","","","",NA,99,0,"",NA,"primary","Other figure only","neurological_condition_1","Stroke"
"245","10.1093/brain/awaa251","Yes","cohort","EDSS;","EDSS","",NA,"Hazard ratio;",0,"Yes","No",NA,NA,"No","","","","","","","","","","","","","","","","","","","","","","","","","","","","","","","","","","",NA,99,0,"",NA,"primary","Neither","neurological_condition_1","Multiple sclerosis"
"246","10.1001/jamaneurol.2020.2804","Yes","case-control","mRS;","mRS","",NA,"Odds ratio;",0,"Yes","Yes","mRS",NA,"Yes","Figure 1","mRS","No","Yes","No","NA;","No","","","","","","","","","","","","","","","","","","","","","","","","","","","",NA,0,1,"mRS","mRS","primary","Unadjusted SPBG","neurological_condition_1","Stroke"
"247","10.1212/WNL.0000000000010990","Yes","cohort","mRS;","mRS","",NA,"Odds ratio;",1,"Yes","No",NA,NA,"No","","","","","","","","","","","","","","","","","","","","","","","","","","","","","","","","","","",NA,99,0,"",NA,"sensitivity","Neither","neurological_condition_1","Stroke"
"248","10.1161/STROKEAHA.119.028845","Yes","cohort","NIHSS;","NIHSS","",NA,"Odds ratio;",0,"Yes","Yes","NIHSS",NA,"Yes","Figure 1","NIHSS","No","Yes","No","NA;","No","","","","","","","","","","","","","","","","","","","","","","","","","","","",NA,0,1,"NIHSS","NIHSS","primary","Unadjusted SPBG","neurological_condition_1","Stroke"
"249","10.1212/WNL.0000000000010414","Yes","cohort","Ped-MSSS;EDSS;","Ped-MSSS","EDSS","","Beta coefficient(s) only;",0,"Yes","Yes","EDSS"," PedMSSS","No","","","","","","","","","","","","","","","","","","","","","","","","","","","","","","","","","","",NA,99,0,"",NA,"primary","Other figure only","neurological_condition_1","Multiple sclerosis"
"250","10.1212/NXI.0000000000001047","Yes","cohort","EDSS;","EDSS","",NA,"Hazard ratio;",0,"Yes","Yes","EDSS",NA,"No","","","","","","","","","","","","","","","","","","","","","","","","","","","","","","","","","","",NA,99,0,"",NA,"primary","Other figure only","neurological_condition_1","Multiple sclerosis"
"251","10.1161/STROKEAHA.119.028406","Yes","case-control","mRS;","mRS","",NA,"Odds ratio;",0,"Yes","No",NA,NA,"No","","","","","","","","","","","","","","","","","","","","","","","","","","","","","","","","","","",NA,99,0,"",NA,"primary","Neither","neurological_condition_1","Stroke"
"252","10.1161/STROKEAHA.120.033334","Yes","cohort","mRS;NIHSS;","mRS","NIHSS","","Odds ratio;",0,"Yes","Yes","mRS",NA,"Yes","Figure 2","mRS","No","Yes","No","NA;","No","","","","","","","","","","","","","","","","","","","","","","","","","","","",NA,0,1,"mRS","mRS","primary","Unadjusted SPBG","neurological_condition_1","Stroke"
